{
  "similarity": {
    "runs": 20,
    "means": {
      "recall_at_5": 1.0,
      "ndcg_at_5": 1.0,
      "evidence_hit_rate": 1.0,
      "redundancy_score": 0.5739414881519623,
      "avg_pairwise_similarity": 0.5739414881519623,
      "prompt_token_count": 1765,
      "budget_utilization": 0.9805555555555555,
      "rouge_l": 0.4878729272563802,
      "keyword_support_rate": 0.9401806921799314
    }
  },
  "mmr": {
    "runs": 20,
    "means": {
      "recall_at_5": 1.0,
      "ndcg_at_5": 1.0,
      "evidence_hit_rate": 1.0,
      "redundancy_score": 0.5441683157664654,
      "avg_pairwise_similarity": 0.5441683157664654,
      "prompt_token_count": 1757.4,
      "budget_utilization": 0.9763333333333333,
      "rouge_l": 0.4916005620270811,
      "keyword_support_rate": 0.9408456536976748
    }
  },
  "litepack": {
    "runs": 20,
    "means": {
      "recall_at_5": 1.0,
      "ndcg_at_5": 1.0,
      "evidence_hit_rate": 1.0,
      "redundancy_score": 0.5521518001014933,
      "avg_pairwise_similarity": 0.5521518001014933,
      "prompt_token_count": 1733.8,
      "budget_utilization": 0.9632222222222222,
      "rouge_l": 0.4948481470264943,
      "keyword_support_rate": 0.9384286214071584
    }
  }
}